-- 디바디만 소셜가입

-- 회원 데이터


insert into memb(mno, name, email, tel, chck, mgr) values(1,'뉴가닉스파','user01@test.com','02-3446-1688','1','0');
insert into memb(mno, name, email, tel, chck, mgr) values(2,'미다스타운','user02@test.com','02-6111-8880','1','0');
insert into memb(mno, name, email, tel, chck, mgr) values(3,'GW샵','user03@test.com','02-3482-3006','1','0');
insert into memb(mno, name, email, tel, chck, mgr) values(4,'라인스킨앤바디','user04@test.com','02-3482-3046','1','0');
insert into memb(mno, name, email, tel, chck, mgr) values(5,'메디스파','user05@test.com','02-3482-3106','1','0');

insert into memb(mno, name, email, tel, chck, mgr) values(6,'메이렌','user06@test.com','02-3481-3006','1','0');
insert into memb(mno, name, email, tel, chck, mgr) values(7,'비비드네일','user07@test.com','02-3382-3006','1','0');
insert into memb(mno, name, email, tel, chck, mgr) values(8,'스파앤뷰티','user08@test.com','02-1482-3006','1','0');
insert into memb(mno, name, email, tel, chck, mgr) values(9,'위즈네일','user09@test.com','02-515-9928','1','0');
insert into memb(mno, name, email, tel, chck, mgr) values(10,'보니타','user10@test.com','02-515-9927','1','0');

insert into memb(mno, name, email, tel, chck, mgr) values(11,'네일메이커','user11@test.com','02-515-9938','1','0');
insert into memb(mno, name, email, tel, chck, mgr) values(12,'DO왁싱','user12@test.com','02-515-9128','1','0');
insert into memb(mno, name, email, tel, chck, mgr) values(13,'에뜨레휴스파','user13@test.com','02-515-2928','1','0');
insert into memb(mno, name, email, tel, chck, mgr) values(14,'왁싱30','user14@test.com','02-517-9928','1','0');
insert into memb(mno, name, email, tel, chck, mgr) values(15,'서울보건마사지','user15@test.com','02-535-9928','1','0');

insert into memb(mno, name, email, tel, chck, mgr) values(16,'댄디샵','user16@test.com','02-215-9928','1','0');
insert into memb(mno, name, email, tel, chck, mgr) values(17,'큐틱스','user17@test.com','02-501-0338','1','0');
insert into memb(mno, name, email, tel, chck, mgr) values(18,'라벨르왁싱','user18@test.com','02-501-0335','1','0');
insert into memb(mno, name, email, tel, chck, mgr) values(19,'아시아에스','user19@test.com','02-501-0348','1','0');
insert into memb(mno, name, email, tel, chck, mgr) values(20,'엔젤네일','user20@test.com','02-501-0138','1','0');

insert into memb(mno, name, email, tel, chck, mgr) values(21,'참손길','user21@test.com','02-501-1338','1','0');
insert into memb(mno, name, email, tel, chck, mgr) values(22,'기적의약손','user22@test.com','02-502-0338','1','0');
insert into memb(mno, name, email, tel, chck, mgr) values(23,'클로즈업','user23@test.com','02-511-0338','1','0');
insert into memb(mno, name, email, tel, chck, mgr) values(24,'스킨타임스파','user24@test.com','02-401-0338','1','0');
insert into memb(mno, name, email, tel, chck, mgr) values(25,'오크우드','user25@test.com','02-777-9060','1','0');

insert into memb(mno, name, email, tel, chck, mgr) values(26,'팜스네일','user26@test.com','02-777-9062','1','0');
insert into memb(mno, name, email, tel, chck, mgr) values(27,'GK네일','user27@test.com','02-777-9050','1','0');
insert into memb(mno, name, email, tel, chck, mgr) values(28,'이브뷰티','user28@test.com','02-777-9660','1','0');
insert into memb(mno, name, email, tel, chck, mgr) values(39,'E&M뷰티','user29@test.com','02-777-1060','1','0');
insert into memb(mno, name, email, tel, chck, mgr) values(30,'서울스킨앤바디','user30@test.com','02-775-9060','1','0');

insert into memb(mno, name, email, tel, chck, mgr) values(31,'두손바디','user31@test.com','02-727-9060','1','0');
insert into memb(mno, name, email, tel, chck, mgr) values(32,'스파노블','user32@test.com','02-757-9060','1','0');
insert into memb(mno, name, email, tel, chck, mgr) values(33,'에스테맘','user33@test.com','02-277-9060','1','0');
insert into memb(mno, name, email, tel, chck, mgr) values(34,'힐링투유','user34@test.com','02-1600-3175','1','0');
insert into memb(mno, name, email, tel, chck, mgr) values(35,'엘리스네일','user35@test.com','02-1600-3176','1','0');

insert into memb(mno, name, email, tel, chck, mgr) values(36,'헬로왁싱','user36@test.com','02-1600-3115','1','0');
insert into memb(mno, name, email, tel, chck, mgr) values(37,'퓨어왁싱','user37@test.com','02-1600-3475','1','0');
insert into memb(mno, name, email, tel, chck, mgr) values(38,'다온건강','user38@test.com','02-1600-2175','1','0');
insert into memb(mno, name, email, tel, chck, mgr) values(39,'루시르뷰티','user39@test.com','02-1601-3175','1','0');
insert into memb(mno, name, email, tel, chck, mgr) values(40,'약손119','user40@test.com','02-1630-3175','1','0');

insert into memb(mno, name, email, tel, chck, mgr) values(41,'희망테라피','user41@test.com','02-1700-3175','1','0');
insert into memb(mno, name, email, tel, chck, mgr) values(42,'열린에스테틱','user42@test.com','02-2600-3175','1','0');
insert into memb(mno, name, email, tel, chck, mgr) values(43,'헤나네일','user43@test.com','02-3466-8100','1','0');
insert into memb(mno, name, email, tel, chck, mgr) values(44,'엘리스뷰티','user44@test.com','02-3466-8102','1','0');
insert into memb(mno, name, email, tel, chck, mgr) values(45,'듀엣에스테틱','user45@test.com','02-3466-8200','1','0');

insert into memb(mno, name, email, tel, chck, mgr) values(46,'리앤수','user46@test.com','02-3466-8400','1','0');
insert into memb(mno, name, email, tel, chck, mgr) values(47,'왁싱앤라인','user47@test.com','02-3467-8100','1','0');
insert into memb(mno, name, email, tel, chck, mgr) values(48,'그랜드힐튼','user48@test.com','02-3426-8100','1','0');
insert into memb(mno, name, email, tel, chck, mgr) values(49,'리본에스테틱','user49@test.com','02-3166-8100','1','0');
insert into memb(mno, name, email, tel, chck, mgr) values(50,'비트샵','user50@test.com','02-6466-8100','1','0');











-- 업체 데이터 기본(낫널만)

insert into memb_store(msno,crno,cachk,cname,ctype,bas_adr) values(1,'234-15-04234','1','뉴가닉스파','마사지', '서울특별시 강남구 신사동 531');
insert into memb_store(msno,crno,cachk,cname,ctype,bas_adr) values(2,'234-17-04234','1','미다스타운','에스테틱', '서울특별시 강남구 신사동 531');
insert into memb_store(msno,crno,cachk,cname,ctype,bas_adr) values(3,'234-18-04234','1','GW샵','마사지', '서울특별시 서초구 서초동 1308-16');
insert into memb_store(msno,crno,cachk,cname,ctype,bas_adr) values(4,'234-12-04234','1','라인스킨앤바디','마사지', '서울특별시 강남구 신사동 531');
insert into memb_store(msno,crno,cachk,cname,ctype,bas_adr) values(5,'234-11-04234','1','메디스파','마사지', '서울특별시 강남구 신사동 531');

insert into memb_store(msno,crno,cachk,cname,ctype,bas_adr) values(6,'123-45-01235','1','메이렌','에스테틱', '서울특별시 강남구 신사동 531');
insert into memb_store(msno,crno,cachk,cname,ctype,bas_adr) values(7,'123-45-01236','1','비비드네일','네일아트', '서울특별시 강남구 신사동 531');
insert into memb_store(msno,crno,cachk,cname,ctype,bas_adr) values(8,'123-45-01237','1','스파앤뷰티','마사지', '서울특별시 강남구 신사동 531');
insert into memb_store(msno,crno,cachk,cname,ctype,bas_adr) values(9,'123-45-01238','1','위즈네일','네일아트', '서울특별시 강남구 신사동 531');
insert into memb_store(msno,crno,cachk,cname,ctype,bas_adr) values(10,'123-45-01294','1','보니타','에스테틱', '서울특별시 강남구 신사동 531');

insert into memb_store(msno,crno,cachk,cname,ctype,bas_adr) values(11,'323-45-01234','1','네일메이커','네일아트', '서울특별시 강남구 신사동 531');
insert into memb_store(msno,crno,cachk,cname,ctype,bas_adr) values(12,'333-45-01234','1','DO왁싱','왁싱', '서울특별시 강남구 신사동 531');
insert into memb_store(msno,crno,cachk,cname,ctype,bas_adr) values(13,'343-45-01234','1','에뜨레휴스파','애스테틱', '서울특별시 서초구 서초동 1308-16');
insert into memb_store(msno,crno,cachk,cname,ctype,bas_adr) values(14,'353-45-01234','1','왁싱30','왁싱', '서울특별시 서초구 서초동 1308-16');
insert into memb_store(msno,crno,cachk,cname,ctype,bas_adr) values(15,'363-45-01234','1','서울보건마사지','마사지', '서울특별시 서초구 서초동 1308-16');

insert into memb_store(msno,crno,cachk,cname,ctype,bas_adr) values(16,'323-35-01234','1','댄디샵','마사지', '서울특별시 강남구 신사동 531');
insert into memb_store(msno,crno,cachk,cname,ctype,bas_adr) values(17,'323-25-01234','1','큐틱스','네일아트', '서울특별시 서초구 서초동 1308-16');
insert into memb_store(msno,crno,cachk,cname,ctype,bas_adr) values(18,'323-05-01234','1','라벨르왁싱','왁싱', '서울특별시 서초구 서초동 1308-16');
insert into memb_store(msno,crno,cachk,cname,ctype,bas_adr) values(19,'323-65-01234','1','아시아에스','에스테틱', '서울특별시 서초구 서초동 1308-16');
insert into memb_store(msno,crno,cachk,cname,ctype,bas_adr) values(20,'323-75-01234','1','엔젤네일','네일아트', '서울특별시 서초구 서초동 1308-16');

insert into memb_store(msno,crno,cachk,cname,ctype,bas_adr) values(21,'456-34-93488','1','참손길','마사지', '서울특별시 서초구 서초동 1308-16');
insert into memb_store(msno,crno,cachk,cname,ctype,bas_adr) values(22,'456-34-93487','1','기적의약손','마사지', '서울특별시 서초구 서초동 1308-16');
insert into memb_store(msno,crno,cachk,cname,ctype,bas_adr) values(23,'456-34-93486','1','클로즈업','에스테틱', '서울특별시 서초구 서초동 1308-16');
insert into memb_store(msno,crno,cachk,cname,ctype,bas_adr) values(24,'456-34-93485','1','스킨타임스파','에스테틱', '서울특별시 서초구 서초동 1308-16');
insert into memb_store(msno,crno,cachk,cname,ctype,bas_adr) values(25,'456-34-93484','1','오크우드','왁싱', '서울특별시 서초구 서초동 1308-16');

insert into memb_store(msno,crno,cachk,cname,ctype,bas_adr) values(26,'456-34-93483','1','팜스네일','네일아트', '서울특별시 강남구 신사동 531');
insert into memb_store(msno,crno,cachk,cname,ctype,bas_adr) values(27,'456-34-93482','1','GK네일','네일아트', '서울특별시 강남구 신사동 531');
insert into memb_store(msno,crno,cachk,cname,ctype,bas_adr) values(28,'456-34-93481','1','이브뷰티','마사지', '서울특별시 강남구 신사동 531');
insert into memb_store(msno,crno,cachk,cname,ctype,bas_adr) values(29,'456-34-93480','1','E&M뷰티','왁싱', '서울특별시 강남구 신사동 531');
insert into memb_store(msno,crno,cachk,cname,ctype,bas_adr) values(30,'456-34-93479','1','서울스킨앤바디','마사지', '서울특별시 강남구 신사동 531');

insert into memb_store(msno,crno,cachk,cname,ctype,bas_adr) values(31,'456-34-93289','1','두손바디','에스테틱', '서울특별시 서초구 서초동 1308-16');
insert into memb_store(msno,crno,cachk,cname,ctype,bas_adr) values(32,'395-95-12343','1','스파노블','에스테틱', '서울특별시 서초구 서초동 1308-16');
insert into memb_store(msno,crno,cachk,cname,ctype,bas_adr) values(33,'395-95-12342','1','에스테맘','왁싱', '서울특별시 서초구 서초동 1308-16');
insert into memb_store(msno,crno,cachk,cname,ctype,bas_adr) values(34,'395-95-12341','1','힐링투유','왁싱', '서울특별시 서초구 서초동 1308-16');
insert into memb_store(msno,crno,cachk,cname,ctype,bas_adr) values(35,'395-95-12340','1','엘리스네일','네일아트', '서울특별시 서초구 서초동 1308-16');

insert into memb_store(msno,crno,cachk,cname,ctype,bas_adr) values(36,'395-95-12344','1','헬로왁싱','왁싱', '경기도 수원시 권선구 곡반정동 526-15');
insert into memb_store(msno,crno,cachk,cname,ctype,bas_adr) values(37,'395-95-12354','1','퓨어왁싱','왁싱', '경기도 수원시 권선구 곡반정동 526-15');
insert into memb_store(msno,crno,cachk,cname,ctype,bas_adr) values(38,'395-95-12364','1','다온건강','마사지', '경기도 수원시 권선구 곡반정동 526-15');
insert into memb_store(msno,crno,cachk,cname,ctype,bas_adr) values(39,'395-95-12374','1','루시르뷰티','마사지', '경기도 수원시 권선구 곡반정동 526-15');
insert into memb_store(msno,crno,cachk,cname,ctype,bas_adr) values(40,'395-95-12384','1','약손119','마사지', '경기도 수원시 권선구 곡반정동 526-15');

insert into memb_store(msno,crno,cachk,cname,ctype,bas_adr) values(41,'395-95-22344','1','희망테라피','마사지', '경기도 수원시 권선구 곡반정동 526-15');
insert into memb_store(msno,crno,cachk,cname,ctype,bas_adr) values(42,'623-05-69333','1','열린에스테틱','에스테틱', '경기도 수원시 권선구 곡반정동 526-15');
insert into memb_store(msno,crno,cachk,cname,ctype,bas_adr) values(43,'623-05-69332','1','헤나네일','네일아트', '경기도 수원시 권선구 곡반정동 526-15');
insert into memb_store(msno,crno,cachk,cname,ctype,bas_adr) values(44,'623-05-69331','1','엘리스뷰티','에스테틱', '경기도 수원시 권선구 곡반정동 526-15');
insert into memb_store(msno,crno,cachk,cname,ctype,bas_adr) values(45,'623-05-69330','1','듀엣에스테틱','마사지', '경기도 수원시 권선구 곡반정동 526-15');

insert into memb_store(msno,crno,cachk,cname,ctype,bas_adr) values(46,'623-05-69374','1','리앤수','에스테틱', '경기도 수원시 권선구 곡반정동 526-15');
insert into memb_store(msno,crno,cachk,cname,ctype,bas_adr) values(47,'623-05-69364','1','왁싱앤라인','왁싱', '경기도 수원시 권선구 곡반정동 526-15');
insert into memb_store(msno,crno,cachk,cname,ctype,bas_adr) values(48,'623-05-69354','1','그랜드힐튼','마사지', '경기도 수원시 권선구 곡반정동 526-15');
insert into memb_store(msno,crno,cachk,cname,ctype,bas_adr) values(49,'623-05-69344','1','리본에스테틱','에스테틱', '경기도 수원시 권선구 곡반정동 526-15');
insert into memb_store(msno,crno,cachk,cname,ctype,bas_adr) values(50,'623-05-69304','1','비트샵','에스테틱', '경기도 수원시 권선구 곡반정동 526-15');


-- 업체 사진

insert into ms_phot(mpno,msno,path) values(1,1,'뉴가닉스파.jpeg');
insert into ms_phot(mpno,msno,path) values(2,2,'미다스타운.jpeg');
insert into ms_phot(mpno,msno,path) values(3,3,'GW샵.jpeg');

insert into ms_phot(mpno,msno,path) values(4,4,'라인스킨앤바디.jpeg');
insert into ms_phot(mpno,msno,path) values(5,5,'메디스파.jpeg');
insert into ms_phot(mpno,msno,path) values(6,6,'메이렌.jpeg');

insert into ms_phot(mpno,msno,path) values(7,7,'비비드네일.jpeg');
insert into ms_phot(mpno,msno,path) values(8,8,'스파앤뷰티.jpeg');
insert into ms_phot(mpno,msno,path) values(9,9,'위즈네일.jpeg');

insert into ms_phot(mpno,msno,path) values(10,10,'보니타.jpeg');

insert into ms_phot(mpno,msno,path) values(11,11,'네일메이커.jpeg');
insert into ms_phot(mpno,msno,path) values(12,12,'DO왁싱.jpeg');
insert into ms_phot(mpno,msno,path) values(13,13,'에뜨레휴스파.jpeg');

insert into ms_phot(mpno,msno,path) values(14,14,'왁싱30.jpeg');
insert into ms_phot(mpno,msno,path) values(15,15,'서울보건마사지.jpeg');
insert into ms_phot(mpno,msno,path) values(16,16,'댄디샵.jpeg');

insert into ms_phot(mpno,msno,path) values(17,17,'큐틱스.jpeg');
insert into ms_phot(mpno,msno,path) values(18,18,'라벨르왁싱.jpeg');
insert into ms_phot(mpno,msno,path) values(19,19,'아시아에스.jpeg');

insert into ms_phot(mpno,msno,path) values(20,20,'엔젤네일.jpeg');
insert into ms_phot(mpno,msno,path) values(21,21,'참손길.jpeg');
insert into ms_phot(mpno,msno,path) values(22,22,'기적의약손.jpeg');
insert into ms_phot(mpno,msno,path) values(23,23,'클로즈업.jpeg');

insert into ms_phot(mpno,msno,path) values(24,24,'스킨타임스파.jpeg');
insert into ms_phot(mpno,msno,path) values(25,25,'오크우드.jpeg');
insert into ms_phot(mpno,msno,path) values(26,26,'팜스네일.jpeg');

insert into ms_phot(mpno,msno,path) values(27,27,'GK네일.jpeg');
insert into ms_phot(mpno,msno,path) values(28,28,'이브뷰티.jpeg');
insert into ms_phot(mpno,msno,path) values(29,29,'E&M뷰티.jpeg');

insert into ms_phot(mpno,msno,path) values(30,30,'서울스킨앤바디.jpeg');
insert into ms_phot(mpno,msno,path) values(31,31,'두손바디.jpeg');
insert into ms_phot(mpno,msno,path) values(32,32,'스파노블.jpeg');
insert into ms_phot(mpno,msno,path) values(33,33,'에스테맘.jpeg');

insert into ms_phot(mpno,msno,path) values(34,34,'힐링투유.jpeg');
insert into ms_phot(mpno,msno,path) values(35,35,'엘리스네일.jpeg');
insert into ms_phot(mpno,msno,path) values(36,36,'헬로왁싱.jpeg');

insert into ms_phot(mpno,msno,path) values(37,37,'퓨어왁싱.jpeg');
insert into ms_phot(mpno,msno,path) values(38,38,'다온건강.jpeg');
insert into ms_phot(mpno,msno,path) values(39,39,'루시르뷰티.jpeg');

insert into ms_phot(mpno,msno,path) values(40,40,'약손119.jpeg');
insert into ms_phot(mpno,msno,path) values(41,41,'희망테라피.jpeg');
insert into ms_phot(mpno,msno,path) values(42,42,'열린에스테틱.jpeg');
insert into ms_phot(mpno,msno,path) values(43,43,'헤나네일.jpeg');

insert into ms_phot(mpno,msno,path) values(44,44,'엘리스뷰티.jpeg');
insert into ms_phot(mpno,msno,path) values(45,45,'듀엣에스테틱.jpeg');
insert into ms_phot(mpno,msno,path) values(46,46,'리앤수.jpeg');

insert into ms_phot(mpno,msno,path) values(47,47,'왁싱앤라인.jpeg');
insert into ms_phot(mpno,msno,path) values(48,48,'그랜드힐튼.jpeg');
insert into ms_phot(mpno,msno,path) values(49,49,'리본에스테틱.jpeg');

insert into ms_phot(mpno,msno,path) values(50,50,'비트샵.jpeg');



-- 업체 전화번호

insert into ms_tel(mtno,msno,mstel) values(1,1,'02-3446-1688');
insert into ms_tel(mtno,msno,mstel) values(2,2,'02-6111-8881');
insert into ms_tel(mtno,msno,mstel) values(3,3,'02-6111-8882');
insert into ms_tel(mtno,msno,mstel) values(4,4,'02-6111-8883');
insert into ms_tel(mtno,msno,mstel) values(5,5,'02-6111-8884');
insert into ms_tel(mtno,msno,mstel) values(6,6,'02-6111-8885');
insert into ms_tel(mtno,msno,mstel) values(7,7,'02-6111-8886');
insert into ms_tel(mtno,msno,mstel) values(8,8,'02-6111-8887');
insert into ms_tel(mtno,msno,mstel) values(9,9,'02-6111-8888');
insert into ms_tel(mtno,msno,mstel) values(10,10,'02-6111-8889');

insert into ms_tel(mtno,msno,mstel) values(11,11,'02-6111-8880');
insert into ms_tel(mtno,msno,mstel) values(12,12,'02-6111-8890');
insert into ms_tel(mtno,msno,mstel) values(13,13,'02-6111-8870');
insert into ms_tel(mtno,msno,mstel) values(14,14,'02-6111-8860');
insert into ms_tel(mtno,msno,mstel) values(15,15,'02-6111-8850');
insert into ms_tel(mtno,msno,mstel) values(16,16,'02-6111-8840');
insert into ms_tel(mtno,msno,mstel) values(17,17,'02-6111-8830');
insert into ms_tel(mtno,msno,mstel) values(18,18,'02-6111-8820');
insert into ms_tel(mtno,msno,mstel) values(19,19,'02-6111-8810');
insert into ms_tel(mtno,msno,mstel) values(20,20,'02-6111-8800');

insert into ms_tel(mtno,msno,mstel) values(21,21,'02-3446-1688');
insert into ms_tel(mtno,msno,mstel) values(22,22,'02-6111-8180');
insert into ms_tel(mtno,msno,mstel) values(23,23,'02-6111-8280');
insert into ms_tel(mtno,msno,mstel) values(24,24,'02-6111-8380');
insert into ms_tel(mtno,msno,mstel) values(25,25,'02-6111-8480');
insert into ms_tel(mtno,msno,mstel) values(26,26,'02-6111-8580');
insert into ms_tel(mtno,msno,mstel) values(27,27,'02-6111-8780');
insert into ms_tel(mtno,msno,mstel) values(28,28,'02-6111-8880');
insert into ms_tel(mtno,msno,mstel) values(29,29,'02-6111-8980');
insert into ms_tel(mtno,msno,mstel) values(30,30,'02-6111-8080');

insert into ms_tel(mtno,msno,mstel) values(31,31,'02-6111-1880');
insert into ms_tel(mtno,msno,mstel) values(32,32,'02-6111-2880');
insert into ms_tel(mtno,msno,mstel) values(33,33,'02-6111-3880');
insert into ms_tel(mtno,msno,mstel) values(34,34,'02-6111-4880');
insert into ms_tel(mtno,msno,mstel) values(35,35,'02-6111-5880');
insert into ms_tel(mtno,msno,mstel) values(36,36,'02-6111-6880');
insert into ms_tel(mtno,msno,mstel) values(37,37,'02-6111-7880');
insert into ms_tel(mtno,msno,mstel) values(38,38,'02-6111-9880');
insert into ms_tel(mtno,msno,mstel) values(39,39,'02-6111-0880');
insert into ms_tel(mtno,msno,mstel) values(40,40,'02-6111-8880');

insert into ms_tel(mtno,msno,mstel) values(41,41,'02-6111-8880');
insert into ms_tel(mtno,msno,mstel) values(42,42,'02-6112-8880');
insert into ms_tel(mtno,msno,mstel) values(43,43,'02-6113-8880');
insert into ms_tel(mtno,msno,mstel) values(44,44,'02-6114-8880');
insert into ms_tel(mtno,msno,mstel) values(45,45,'02-6115-8880');
insert into ms_tel(mtno,msno,mstel) values(46,46,'02-6116-8880');
insert into ms_tel(mtno,msno,mstel) values(47,47,'02-6117-8880');
insert into ms_tel(mtno,msno,mstel) values(48,48,'02-6118-8880');
insert into ms_tel(mtno,msno,mstel) values(49,49,'02-6119-8880');
insert into ms_tel(mtno,msno,mstel) values(50,50,'02-6110-8880');
